{"cameraMode":{"drawMode":0,"name":"Shaded","section":"Shading Mode"},"sceneLighting":true,"audioPlay":false,"sceneViewState":{"showFog":true,"showMaterialUpdate":false,"showSkybox":true,"showFlares":true,"showImageEffects":true,"showParticleSystems":true},"in2DMode":false,"pivot":{"x":-11.891858100891114,"y":19.152679443359376,"z":-10.216588020324707},"rotation":{"x":0.461077481508255,"y":0.023953396826982499,"z":-0.01245211623609066,"w":0.8869491219520569},"size":14.403890609741211,"orthographic":false}